party,poster,user_count,post_count
AFD,AfD,62,1146
AFD,"AfD 2013, zur√ºck zu den Wurzeln",1,4
AFD,AFD - Agence Fran√ßaise de D√©veloppement,1,2
AFD,Afd Alternative f√ºr Deutschland Europawahlen,1,2
AFD,AfD - Alternative f√ºr Deutschland / Kreisverband Stendal Karl Hermann Bolldorf,1,1
AFD,AfD-Augsburg-Land,1,1
AFD,AfD Baden-W√ºrttemberg,2,9
AFD,AfD Baden-W√ºrttemberg Warum Sie AfD w√§hlen sollten!,1,1
AFD,AfD Bayern,1,5
AFD,AfD Berchtesgadener Land,1,1
AFD,AfD Blankenfelde-Mahlow,2,4
AFD,AfD Bonn - Alternative f√ºr Deutschland Kreisverband Bonn,1,5
AFD,AfD Brandenburg,2,46
AFD,AfD Brandenburg Bundestagswahl 2021,1,1
AFD,AfD Cloppenburg / Vechta,1,5
AFD,AfD Darmstadt,1,1
AFD,- AfD Eilmeldungen -,2,29
AFD,AfD-Fraktion Brandenburg,1,2
AFD,AfD-Fraktion Dresden,1,3
AFD,AfD-Fraktion im Bayerischen Landtag,1,10
AFD,AfD-Fraktion im Deutschen Bundestag,10,106
AFD,AfD-Fraktion im Hessischen Landtag,1,19
AFD,AfD-Fraktion im Landtag von Baden-W√ºrttemberg,1,20
AFD,AfD-Fraktion im Th√ºringer Landtag,1,3
AFD,AfD-Fraktion in der GVV Birkenwerder,1,1
AFD,AfD-Fraktion Mecklenburg-Vorpommern,1,7
AFD,AfD-Fraktion NRW,2,17
AFD,AfD Fraktion Rathaus Offenbach,1,1
AFD,AfD Fraktion Sachsen,2,25
AFD,AfD-Fraktion Sachsen-Anhalt,1,4
AFD,AfD-Freunde Baden-W√ºrttemberg,3,13
AFD,AfD - Freunde Calw/Freudenstadt,1,18
AFD,AfD - Freunde Calw/Freudenstadt AfD Kompakt,1,1
AFD,AfD-Freunde Treptow-K√∂penick,1,7
AFD,AfD-Freunde T√ºbingen,2,2
AFD,AFD Gebietsverband Sonneberg,1,2
AFD,AfD Gelsenkirchen,2,2
AFD,AfD Gifhorn,1,4
AFD,AfD Goch - Stadtverband,1,1
AFD,AfD Greiz-Altenburg,1,3
AFD,AfD Hamburg,2,7
AFD,AfD Hamburg Belal Moschee Hamburg,1,1
AFD,AfD Hamburg Bezirk Bergedorf,1,1
AFD,AfD Hamburg Blaue Moschee an der Alster Hamburg,1,1
AFD,AfD Hamburg Burg Seevetal,1,1
AFD,"AfD Hamburg Hauptbahnhof, Hamburg",1,2
AFD,AfD Hamburg Henstedt-Ulzburg,1,1
AFD,AfD Hamburg-Nord,2,34
AFD,AfD Hamburg Rathaus Hamburg,2,6
AFD,AfD Hamm,1,6
AFD,AfD Hannover Land,1,4
AFD,AfD Hannover-Land-S√ºd,1,3
AFD,AfD Hessen,1,23
AFD,AfD Heusenstamm,2,24
AFD,AfD im EU-Parlament,10,40
AFD,AfD im Landtag Schleswig-Holstein,2,7
AFD,"AfD-Infoseite, nicht nur f√ºr Freunde und Mitglieder in Hessen",1,2
AFD,AfD Kaltenkirchen,1,2
AFD,AfD Kaltenkirchen Kaltenkirchen,1,2
AFD,AfD Kassel-Stadt,1,3
AFD,AfD Kiel,1,1
AFD,AfD Kompakt,8,111
AFD,AfD Kreis D√ºsseldorf,1,5
AFD,AfD Kreis Pinneberg,1,1
AFD,AfD Kreis Recklinghausen,1,3
AFD,AfD Kreisverband Bad D√ºrkheim,1,1
AFD,AfD Kreisverband Coesfeld,1,3
AFD,AfD Kreisverband Frankfurt am Main,1,5
AFD,AfD Kreisverband Friesland,1,1
AFD,AfD Kreisverband Germersheim,1,2
AFD,AfD Kreisverband Gie√üen,1,10
AFD,AfD Kreisverband G√∂ppingen,4,27
AFD,AfD Kreisverband Gro√ü-Gerau und seine Ortsverb√§nde im Kreis,1,1
AFD,AfD Kreisverband Harz,1,1
AFD,AfD Kreisverband Herzogtum Lauenburg,1,2
AFD,AfD Kreisverband Hochtaunus,1,1
AFD,AfD - Kreisverband Krefeld,1,6
AFD,AfD Kreisverband Landsberg am Lech,1,1
AFD,AfD Kreisverband Limburg - Weilburg,1,9
AFD,AFD Kreisverband Main Kinzig,1,1
AFD,AfD Kreisverband Mannheim,1,1
AFD,AfD - Kreisverband M√§rkisch-Oderland,1,14
AFD,AfD-Kreisverband Neuwied,1,7
AFD,AfD Kreisverband Oberallg√§u-Kempten,1,1
AFD,AfD - Kreisverband Oberhavel,1,4
AFD,AfD Kreisverband Pl√∂n,1,1
AFD,AfD Kreisverband Ravensburg,1,3
AFD,AfD Kreisverband Salzlandkreis,1,1
AFD,AfD Kreisverband Ulm / Alb-Donau,1,85
AFD,AfD Kreisverband Vogelsberg,1,4
AFD,AfD Kreisverband Waldshut,1,6
AFD,AfD Kreisverband Wittenberg,1,17
AFD,AfD KV Aschaffenburg,2,4
AFD,AfD KV Schwandorf/Cham,2,10
AFD,AfD KV Segeberg,1,2
AFD,AfD Kyffh√§user-S√∂mmerda-Weimarer Land,4,4
AFD,AfD Landau / S√ºdliche Weinstra√üe,1,5
AFD,AfD Landeshauptstadt Schwerin,1,1
AFD,AfD - Langenhagen.Garbsen.Seelze,1,1
AFD,AfD Leipzig,1,1
AFD,AfD L.O.,1,4
AFD,AfD Magdeburg,1,5
AFD,AfD Mainz-Bingen,1,3
AFD,AfD Mayen-Koblenz,1,1
AFD,AfD M√ºnchen West/Mitte,1,2
AFD,AfD Niedersachsen,2,16
AFD,AfD N√ºrnberg,2,16
AFD,AfD Offenbach Land - Alternative f√ºr Deutschland,1,7
AFD,AfD Oldenburg Land,1,8
AFD,AfD Ortsverband Altkreis Melsungen,1,5
AFD,AfD Ortsverband Birkenwerder,1,4
AFD,AfD Ortsverband Ettlingen,1,4
AFD,AfD Ortsverband Schmitten,1,1
AFD,AfD OSL,1,1
AFD,AfD-Paderborn,1,8
AFD,AfD-Paderborn Paderborn,1,2
AFD,AfD Passau,1,3
AFD,AfD Regionalverband Unstrut-Hainich-Kreis Ost,1,3
AFD,AfD Rheingau Taunus,1,2
AFD,AfD Rheinisch-Bergischer Kreis,1,1
AFD,AfD Rheinland-Pfalz,4,448
AFD,AfD Rheinland-Pfalz Bundestagswahl 2021,1,2
AFD,AfD Rheinland-Pfalz Neustadt an der Weinstra√üe,1,3
AFD,AfD Rosenheim Kreisverband,2,19
AFD,AfD Saarland,1,6
AFD,AfD Saarland Stadtverband Friedrichsthal,1,11
AFD,AfD Sachsen,5,23
AFD,AfD Sachsen-Anhalt,3,14
AFD,AfD Schleswig-Holstein,1,2
AFD,AfD SOE,2,4
AFD,AfD Solingen,1,1
AFD,AfD-Stadtratsfraktion Hannover,1,15
AFD,AfD Stadtverband Gotha,2,7
AFD,AfD Stuttgart,2,12
AFD,AfD Th√ºringen,4,35
AFD,AfD Treptow-K√∂penick,1,5
AFD,AfD Uckermark,1,5
AFD,AfD Ulm/Alb-Donau kommunal,1,4
AFD,AfD Westerwald,1,7
AFD,AfD Westth√ºringen,1,3
AFD,AfD Wetterau,1,1
AFD,AfD Wetterau-Ost,1,1
AFD,AfD Wiesbaden,1,3
AFD,AfD Zweibr√ºcken,1,3
AFD,AfD Zwickau,2,2
AFD,AfD Zwickau Alter Gasometer,1,1
AFD,AfD Zwickau Crimmitschau,1,1
AFD,AfD Zwickau Zwickau,1,2
AFD,Alternative f√ºr Deutschland AfD Bochum,1,1
AFD,Alternative f√ºr Deutschland AfD Freunde,1,2
AFD,Alternative f√ºr Deutschland ¬∑ AfD K√∂ln,2,25
AFD,Alternative f√ºr Deutschland ¬∑ AfD K√∂ln Cologne Pride,2,2
AFD,Alternative f√ºr Deutschland / AfD - Kreisverband Chemnitz,1,4
AFD,Alternative f√ºr Deutschland - AfD Saarpfalz,1,1
AFD,Alternative f√ºr Deutschland AfD - W√ºrselen,1,11
AFD,Alternative f√ºr Deutschland: Kreis Steinfurt AfD,1,3
AFD,Alternative f√ºr Deutschland Landesverband Berlin - AfD Berlin,3,29
AFD,Alternative f√ºr Deutschland Landesverband Berlin - AfD Berlin Es gibt immer eine Alternative,2,2
AFD,Alternative f√ºr Deutschland Mecklenburgische Seenplatte - AfD MSE,1,2
AFD,Alternative f√ºr Deutschland Mecklenburg-Vorpommern - AfD MV,2,9
AFD,Alternative f√ºr Deutschland NRW ¬∑ AfD NRW,2,14
AFD,Alternative f√ºr Deutschland Vorpommern-R√ºgen - AfD VR,1,1
AFD,Andrea Z√ºrcher - AfD,1,3
AFD,Christian Klingen AfD - Kreisverband M√§rkisch-Oderland,1,1
AFD,Christine Kirchhoff AfD Hessen,1,1
AFD,Denis Deppe AfD OSL,1,1
AFD,Dietmar Friedhoff AfD Bundestagsabgeordneter,2,16
AFD,Frank-Christian Hansel AfD,1,1
AFD,Freunde der AfD Hochtaunus,1,9
AFD,Freundlich sein zur AfD,1,2
AFD,Gemeinsam f√ºr das Grundgesetz AfD Kompakt,1,2
AFD,Georg Pazderski AfD Fraktion TV,1,1
AFD,Gerald M√ºnch Neue AfD-Gruppe. üá©üá™ üñ§‚ù§Ô∏èüíõ,1,1
AFD,"Hannes Gnauck - AfD Brandenburg, Germany",1,2
AFD,Hannes Gnauck - AfD Deutschland,1,1
AFD,Hannes Gnauck - AfD Eberswalde,1,3
AFD,Hannes Gnauck - AfD Neubrandenburg,1,2
AFD,"Hannes Gnauck - AfD Templin, Brandenburg, Germany",1,1
AFD,Hannes Gnauck - AfD Uckermark,1,1
AFD,Heiko Scholz - AfD,1,13
AFD,JAfD,1,3
AFD,"J√∂rg Dornau, AfD",1,2
AFD,J√∂rg Schock AfD,1,10
AFD,Kristof Heitmann - AfD,1,5
AFD,Landesgruppe Th√ºringen der AfD-Fraktion im Deutschen Bundestag,1,3
AFD,Leyla Bilge - AfD,1,28
AFD,Lutz Wagner - AfD,1,1
AFD,"Marcus B√ºhl, AfD MdB",2,4
AFD,Markus Frohnmaier - AfD,2,115
AFD,Pascal B√ºttner AfD Hamburg-Nord,1,1
AFD,Patrick R√∂hnke AfD Rheingau Taunus,1,1
AFD,Patrioten gegen Karrieristen in der AfD,1,5
AFD,"Peter Felser, AfD",1,23
AFD,Peter M√ºnch AfD Kompakt,1,3
AFD,Pierre Lamely -AfD,1,10
AFD,Pierre Lamely -AfD Naturpark Hess. Rh√∂n Grabenh√∂fchen,1,1
AFD,Reimond Hoffmann - AfD,1,1
AFD,Roger Beckamp AfD,2,2
AFD,Russlanddeutsche in der AfD,1,2
AFD,Stephan Schwarz AfD,1,3
AFD,Thomas de Jesus Fernandes - AfD,2,10
AFD,Thomas Ehrhorn AfD,1,3
AFD,Thore Stein - AfD,1,1
AFD,Ulrike Schielke - Ziesing AfD MV,1,1
AFD,Verband der Gr√ºnder und Selbstst√§ndigen Deutschland e.V. - VGSD AfD,1,2
BUNDIS90,B√úNDNIS 90/DIE GR√úNEN,93,320
BUNDIS90,B√ºndnis 90/Die Gr√ºnen Berlin,10,37
BUNDIS90,B√úNDNIS 90/DIE GR√úNEN NRW,9,18
BUNDIS90,B√úNDNIS 90/DIE GR√úNEN Sachsen-Anhalt,3,10
BUNDIS90,B√úNDNIS 90/DIE GR√úNEN Schleswig-Holstein,4,8
BUNDIS90,B√ºndnis 90 / Die Gr√ºnen Uetersen,1,8
BUNDIS90,B√úNDNIS 90 / DIE GR√úNEN - Kreisverband Potsdam Mittelmark,1,6
BUNDIS90,B√ºndnis 90 / Die Gr√ºnen Leipzig,2,6
BUNDIS90,B√ºndnis 90/Die Gr√ºnen Rd-Eck,1,5
BUNDIS90,B√ºndnis 90/Die Gr√ºnen Bundestagsfraktion,2,4
BUNDIS90,B√úNDNIS 90/DIE GR√úNEN Erzgebirge,1,4
BUNDIS90,B√úNDNIS 90/DIE GR√úNEN Ahrweiler,1,3
BUNDIS90,B√ºndnis 90/Die Gr√ºnen Berlin-Mitte,2,3
BUNDIS90,B√ºndnis 90/Die Gr√ºnen - Emsland-S√ºd,1,3
BUNDIS90,B√ºndnis 90/Die Gr√ºnen Kiel,1,3
BUNDIS90,B√úNDNIS 90/DIE GR√úNEN Kreisverband Mecklenburgische Seenplatte,1,3
BUNDIS90,B√ºndnis 90/Die Gr√ºnen Treptow-K√∂penick,2,3
BUNDIS90,B√ºndnis 90/Die Gr√ºnen Charlottenburg-Wilmersdorf,1,2
BUNDIS90,B√ºndnis 90/Die Gr√ºnen Darmstadt,1,2
BUNDIS90,B√ºndnis 90 / Die Gr√ºnen Dresden,1,2
BUNDIS90,B√úNDNIS 90/DIE GR√úNEN Fraktion in der Region Hannover,1,2
BUNDIS90,B√ºndnis 90/Die Gr√ºnen Gelsenkirchen,1,2
BUNDIS90,B√ºndnis 90/Die Gr√ºnen Kassel,1,2
BUNDIS90,B√ºndnis 90/Die Gr√ºnen Kelheim,1,2
BUNDIS90,B√ºndnis 90/die Gr√ºnen Kreisverband Diepholz,1,2
BUNDIS90,B√ºndnis 90/ Die Gr√ºnen Kreisverband Esslingen,1,2
BUNDIS90,B√úNDNIS 90/DIE GR√úNEN Magdeburg,1,2
BUNDIS90,B√ºndnis 90/Die Gr√ºnen S√§chsische Schweiz-Osterzgebirge,1,2
BUNDIS90,Michael Kellner Bundesgesch√§ftsstelle B√ºndnis 90/die Gr√ºnen,2,2
BUNDIS90,Sara Saahlerm B√ºndnis 90/Die Gr√ºnen Freiburg,1,2
BUNDIS90,Was Los In Lingen ? B√ºndnis 90/Die Gr√ºnen - Emsland-S√ºd,1,2
BUNDIS90,B√ºndnis 90/Die Gr√ºnen Dortmund,1,1
BUNDIS90,B√ºndnis90/Die Gr√ºnen Frankfurt Bundestagswahl 2021 - Alles ist drin!,1,1
BUNDIS90,B√ºndnis 90/ Die Gr√ºnen Kreisverband B√∂blingen,1,1
BUNDIS90,B√ºndnis 90/ Die Gr√ºnen Kreisverband Mei√üen,1,1
BUNDIS90,"B√ºndnis90/Die Gr√ºnen, Kreisverband Zwickau",1,1
BUNDIS90,B√úNDNIS90/ DIE GR√úNEN Leinfelden-Echterdingen,1,1
BUNDIS90,B√ºndnis 90/Die Gr√ºnen Mecklenburg-Vorpommern,1,1
BUNDIS90,B√ºndnis 90/Die Gr√ºnen Mittelsachsen,1,1
BUNDIS90,B√ºndnis 90/Die Gr√ºnen Pankow,1,1
BUNDIS90,B√úNDNIS 90/DIE GR√úNEN Rheinland-Pfalz,1,1
BUNDIS90,B√úNDNIS90/DIE GR√úNEN SCHLESWIG-FLENSBURG,1,1
BUNDIS90,B√ºndnis 90/Die Gr√ºnen Siegen,1,1
BUNDIS90,B√ºndnis 90 / Die Gr√ºnen - Stadtverband Gr√ºne Gie√üen,1,1
BUNDIS90,Fraktion B√ºndnis 90/Die Gr√ºnen Brandenburg,1,1
BUNDIS90,Tabea R√∂√üner MdB B√ºndnis 90 / Die Gr√ºnen Alzey-Worms W√∂rrstadt,1,1
CDU,CDU,99,468
CDU,CSU (Christlich-Soziale Union),19,184
CDU,CDU Berlin,9,40
CDU,CDU CDU,6,30
CDU,CDU CSU Europa,2,5
CDU,CSU Oberfranken,2,2
CDU,Angela Erwin CDU D√ºsseldorf,1,1
CDU,ASP Augsburg - Au√üen- und Sicherheitspolitischer Arbeitskreis in der CSU,1,1
CDU,CDU Bad Homburg,1,3
CDU,CDU Bad Homburg Bad Homburg vor der H√∂he,1,5
CDU,CDU Bernau,1,1
CDU,CDU Bonn,1,4
CDU,CDU Castrop-Rauxel,1,1
CDU,CDU Charlottenburg-Wilmersdorf,1,1
CDU,CDU Charlottenburg-Wilmersdorf Abgeordnetenhaus von Berlin,1,1
CDU,CDU Charlottenburg-Wilmersdorf Autobahn A100,1,1
CDU,CDU Charlottenburg-Wilmersdorf Bahnhof Berlin-Charlottenburg,1,1
CDU,CDU Charlottenburg-Wilmersdorf Berlin,1,1
CDU,CDU Charlottenburg-Wilmersdorf Berliner Stadtmission,1,1
CDU,CDU Charlottenburg-Wilmersdorf Bezirk Charlottenburg-Wilmersdorf,1,1
CDU,CDU Charlottenburg-Wilmersdorf CDU Charlottenburg-Wilmersdorf,1,1
CDU,CDU Charlottenburg-Wilmersdorf Konrad Adenauer Haus,1,1
CDU,CDU Charlottenburg-Wilmersdorf New York City,1,1
CDU,CDU Charlottenburg-Wilmersdorf Rathaus Charlottenburg,1,3
CDU,"CDU Charlottenburg-Wilmersdorf Schmargendorf, Berlin, Germany",1,1
CDU,"CDU Charlottenburg-Wilmersdorf Senatsverwaltung f√ºr Bildung, Jugend und Familie",1,1
CDU,CDU Charlottenburg-Wilmersdorf Wilmersdorfer Stra√üe,1,1
CDU,CDU Dinslaken,1,1
CDU,CDU Elbe-Elster,1,1
CDU,CDU Erfurt,1,1
CDU,CDU-Fraktion Berlin,1,1
CDU,CDU-Fraktion im Th√ºringer Landtag,1,1
CDU,CDU Fraktion Schleswig-Holstein,1,5
CDU,CDU Fraktion Schleswig-Holstein B√ºsum,1,1
CDU,CDU Frankfurt am Main,1,1
CDU,CDU Gemeindeverband Edemissen,1,4
CDU,CDU Gemeindeverband Kirchhundem,1,6
CDU,CDU Haltern am See,1,4
CDU,CDU Haltern am See Altes Rathaus,1,1
CDU,CDU Haltern am See Haltern am See,1,5
CDU,CDU Hamburg 10 Fragen 10 Antworten,1,1
CDU,CDU Hannover,1,1
CDU,CDU Hessen,1,14
CDU,CDU in Niedersachsen,1,2
CDU,CDU in Stolberg,1,3
CDU,"CDU in Stolberg Stolberg, Nordrhein-Westfalen, Germany",1,1
CDU,CDU Kreistagsfraktion Uckermark,1,1
CDU,CDU Oberhausen,1,1
CDU,CDU Olpe,1,4
CDU,CDU Ortsverband Charlottenburg A 100,1,1
CDU,CDU Ortsverband Charlottenburg Berliner Kunstallee,1,1
CDU,CDU Ortsverband Charlottenburg Bezirk Charlottenburg-Wilmersdorf,1,3
CDU,CDU Ortsverband Kolkwitz,1,1
CDU,CDU Osnabr√ºck,1,1
CDU,CDU Potsdam,1,2
CDU,CDU Rendsburg-Eckernf√∂rde,1,5
CDU,CDU Schleswig-Holstein,1,1
CDU,CDU Seelze,1,1
CDU,CDU Seevetal,1,1
CDU,CDU Spandau,1,2
CDU,CDU Varel,1,1
CDU,CDU Vorpommern-Greifswald Nordkurier,1,1
CDU,CDU Waltrop,1,1
CDU,CDU Wetterau Neumitglieder-Fr√ºhst√ºck 2021,1,1
CDU,"CSU Aubing - Neuaubing - Westkreuz - Freiham Lochhausen, Bayern, Germany",1,1
CDU,CSU Augsburg,1,1
CDU,CSU/JC-Fraktion im Coburger Stadtrat,1,1
CDU,CSU Ortsverband F√ºssen - Hopfen am See - Wei√üensee,1,1
CDU,CSU-Ortsverband Osterhofen,1,1
CDU,CSU Pfersee,1,3
CDU,CSU Waldershof,1,6
CDU,CSU Waldershof Mario Rabenbauer,1,1
CDU,Mario R√∂llig Alexander Br√ºcke CDU Prenzlauer Allee,1,2
CDU,Thomas Jarzombek CDU,1,1
CDU,Thomas Stritzl - CDU Bundestagskandidat,1,1
DIELINKE,DIE LINKE,21,178
DIELINKE,DIE LINKE. Arnstadt,1,1
DIELINKE,DIE LINKE. Bayern,1,1
DIELINKE,DIE LINKE. Berlin,4,19
DIELINKE,DIE LINKE. Berlin-Mitte,1,1
DIELINKE,DIE LINKE. Berlin Wahljahr 2021,1,1
DIELINKE,Die Linke Biesenthal,1,1
DIELINKE,DIE LINKE. Brandenburg an der Havel,1,6
DIELINKE,DIE LINKE. Brandenburg an der Havel Wochenm√§rkte Brandenburg an der Havel M.& H. Betrieb UG,1,1
DIELINKE,DIE LINKE Bundesministerium der Verteidigung,1,1
DIELINKE,DIE LINKE Bundestagswahl 2021,1,1
DIELINKE,DIE LINKE. Dortmund,1,6
DIELINKE,DIE LINKE. Emsdetten,1,8
DIELINKE,DIE LINKE. Fraktion im Weimarer Stadtrat,1,1
DIELINKE,DIE LINKE Hamburg,1,1
DIELINKE,DIE LINKE. Hildesheim,1,1
DIELINKE,DIE LINKE. im Hochtaunuskreis,1,1
DIELINKE,DIE LINKE. Kreisverband Frankfurt am Main,2,9
DIELINKE,DIE LINKE Land Bremen,1,1
DIELINKE,DIE LINKE Marburg-Biedenkopf,1,1
DIELINKE,DIE LINKE. Mecklenburg-Vorpommern Markt Reutershagen,1,1
DIELINKE,DIE LINKE. Mittelsachsen,1,8
DIELINKE,DIE LINKE. Mittelsachsen Bahnhof Freiberg,1,1
DIELINKE,"DIE LINKE. Mittelsachsen Frauenstein, Sachsen, Germany",1,1
DIELINKE,"DIE LINKE. Mittelsachsen Freiberg, Sachsen, Germany",1,3
DIELINKE,DIE LINKE. Mittelsachsen Mittweida,1,1
DIELINKE,DIE LINKE. Neuk√∂lln,1,3
DIELINKE,DIE LINKE. NRW,1,7
DIELINKE,DIE LINKE.queer Berlin-Brandenburg,1,1
DIELINKE,DIE LINKE. Region Hannover,1,3
DIELINKE,DIE LINKE. Sachsen,4,35
DIELINKE,DIE LINKE. Sachsen DIE LINKE Susanne Schaper,1,1
DIELINKE,DIE LINKE. Sachsen Rewe GROUP Zentrallager Starbach,2,2
DIELINKE,DIE LINKE. Sachsen Teigwaren Riesa,1,1
DIELINKE,DIE LINKE. Schleswig-Holstein,1,2
DIELINKE,DIE LINKE. Schleswig-Holstein Sylt,1,1
DIELINKE,DIE LINKE. Tempelhof-Sch√∂neberg Berlin,1,2
DIELINKE,DIE LINKE Th√ºringen,7,35
DIELINKE,DIE LINKE Th√ºringen Susanne Hennig-Wellsow Bj√∂rn Harras,1,1
DIELINKE,DIE LINKE. Westsachsen,1,13
DIELINKE,DIE LINKE. Westsachsen Cospudener See Z√∂rbigker P2,1,1
DIELINKE,"DIE LINKE. Westsachsen Dorf Der Jugend, Sachsen, Germany",1,1
DIELINKE,DIE LINKE. Westsachsen Markt Grimma,1,1
DIELINKE,Fraktion DIE LINKE. im Bundestag,9,139
DIELINKE,Fraktion DIE LINKE. im Bundestag Amira Mohamed Ali,2,4
DIELINKE,Fraktion DIE LINKE. im Bundestag DIE LOBBY,9,10
DIELINKE,Fraktion DIE LINKE. im Bundestag Hinter den Kulissen des Bundestages,1,1
DIELINKE,Fraktion DIE LINKE. im Bundestag Soziale Gerechtigkeit,2,4
DIELINKE,Fraktion DIE LINKE. im Bundestag Steuergerechtigkeit,2,5
DIELINKE,Stefan Hartmann DIE LINKE. Mittelsachsen,1,1
DIELINKE,Thomas Westphal DIE LINKE,1,1
DIELINKE,Thomas Westphal Dietmar Bartsch DIE LINKE,1,1
FDP,Alexander Oppelt FDP Bundestagskandidat,1,2
FDP,FDP,38,167
FDP,FDP Baden-W√ºrttemberg,1,1
FDP,FDP Bayern,2,9
FDP,"FDP Bayern Wie es ist, darf es nicht bleiben",1,3
FDP,FDP Berlin,10,46
FDP,FDP Berlin Berlin,1,1
FDP,FDP BERLIN MITGLIEDER,1,2
FDP,FDP B√∂rde,1,1
FDP,FDP Brandenburg,1,1
FDP,FDP Brandenburg Prima Wetter - Sommerkosmos,1,1
FDP,FDP Brandenburg Waschhaus Potsdam,1,1
FDP,FDP Bremen,1,4
FDP,FDP & B√ºrgerliste f√ºr Dortmund Dortmund,2,6
FDP,FDP Dessau-Ro√ülau,1,2
FDP,FDP/DVP-Fraktion im Landtag Baden-W√ºrttemberg,2,4
FDP,FDP-Fraktion Bayern,1,1
FDP,FDP Fraktion Berlin,1,1
FDP,FDP Fraktion Bundestag,2,4
FDP,FDP-Fraktion im Nieders√§chsischen Landtag,1,1
FDP,FDP Frankfurt am Main,1,1
FDP,FDP Friedrichshain-Kreuzberg,1,1
FDP,FDP Gifhorn-S√ºd,1,1
FDP,FDP Hamburg,4,4
FDP,FDP K√∂ln,1,4
FDP,FDP-Landtagsfraktion Schleswig-Holstein,1,1
FDP,FDP Libert√©,1,1
FDP,FDP Lippe,1,12
FDP,FDP-Mitglieder intern,1,33
FDP,FDP M√ºnchen-Ost,2,3
FDP,FDP NRW,4,18
FDP,FDP NRW Johannes Vogel,1,2
FDP,FDP N√ºrnberg,1,2
FDP,FDP Oldenburg,1,3
FDP,FDP Oldenburg Oldenburg,1,4
FDP,FDP Ortsverband B√ºrstadt,1,5
FDP,FDP Pankow,1,3
FDP,FDP Peine,1,4
FDP,FDP Peine Peine,1,4
FDP,FDP Potsdam-Mittelmark,1,2
FDP,FDP Sachsen,1,1
FDP,FDP Sachsen-Anhalt,1,1
FDP,FDP Schleswig-Holstein,5,11
FDP,FDP Sch√∂neberg Viktoria-Luise-Platz,1,1
FDP,FDP Stadtverband Herford,1,1
FDP,FDP Stadtverband Hildesheim,1,18
FDP,FDP Unterfranken,1,4
FDP,FDP Vogelsberg,1,1
FDP,FDP Wedel,1,1
FDP,FDP Wolfsburg,1,1
SDP,Unsere Neue SPD - Deine Community.,3,124
SDP,üî¥ forum UNSERE SPD üî¥,2,53
SDP,Linke SPD.,2,43
SDP,SPD Berlin,10,37
SDP,SPD Hamburg,8,32
SDP,SPD Hildesheim,1,25
SDP,SPD-Landtagsfraktion NRW,1,20
SDP,"SPD Mitglieder f√ºr Vielfalt, Toleranz & eine bunte Gesellschaft",2,19
SDP,SPD Unterbezirk Hildesheim,1,17
SDP,K√∂lnSPD,1,15
SDP,SPD,8,15
SDP,#Unsere Neue SPD,1,13
SDP,SPD-Fraktion im Bundestag,5,10
SDP,SPD Stadtverband Peine,1,10
SDP,SPD Gehrden,1,9
SDP,SPD Ortsverein Uelzen,1,9
SDP,SPD Th√ºringen,2,9
SDP,SPD Uelzen/L√ºchow-Dannenberg,1,9
SDP,Deniz Kurku - SPD Delmenhorst,1,8
SDP,Hans-Peter Kronenberger - SPD Seligenstadt,1,8
SDP,SPD Kettwig,1,8
SDP,SPD Regensburg,1,8
SDP,NRWSPD,4,7
SDP,SPD Ehrenfeld,1,7
SDP,Jusos in der SPD Landkreis Harburg,1,6
SDP,Pro-SPD.,1,6
SDP,SPD Dortmund,4,6
SDP,SPD Heidelberg,1,6
SDP,SPD Monheim am Rhein,1,6
SDP,SPD Niedersachsen,4,6
SDP,SPD-Ortsverein Gemeinde Giesen,1,6
SDP,"Saskia Esken, SPD",1,5
SDP,SPD Fraktion Niedersachsen,2,5
SDP,Deniz Kurku - SPD,1,4
SDP,SPD Hameln,1,4
SDP,SPD Ortsverein Ebstorf Ebstorf,1,4
SDP,SPD-Unterbezirk Regensburg,1,4
SDP,"Astrid Hennies, SPD B√ºrgerschaftsabgeordnete f√ºr Rahlstedt",1,3
SDP,SPD Barmbek-Uhlenhorst-Hohenfelde,1,3
SDP,SPD Bezirk K√∂ln-Chorweiler,1,3
SDP,SPD Burgdorf,2,3
SDP,SPD Celle,2,3
SDP,SPD Marzahn-Hellersdorf,1,3
SDP,SPD Ortsverein Ochtersum,1,3
SDP,SPD OV Wendeburg,1,3
SDP,"SPD-Stadtverband Alfeld (Leine) R√∂llinghausen, Niedersachsen, Germany",1,3
SDP,AfA im SPD Bezirk Hannover,1,2
SDP,"Astrid Hennies, SPD B√ºrgerschaftsabgeordnete f√ºr Rahlstedt F√∂rderverein Urmelis Talerkasse e.V.",1,2
SDP,Deniz Kurku - SPD Hanna Naber Nieders√§chsischer Landtag,1,2
SDP,Sebastian Hartmann - SPD,2,2
SDP,SPD Bad Pyrmont,1,2
SDP,SPD Hannover,1,2
SDP,SPD Hannover Nordstadt,1,2
SDP,SPD Hansestadt Stade Stade,1,2
SDP,SPD Hohenwestedt Iris Ploog,1,2
SDP,SPD H√∂rstel,1,2
SDP,SPD H√ºttenberg,1,2
SDP,Spd Lauenau,1,2
SDP,SPD L√ºneburg,1,2
SDP,SPD Mecklenburg-Vorpommern,2,2
SDP,SPD Monheim am Rhein Rathaus Monheim am Rhein,1,2
SDP,SPD Neu Wulmstorf,1,2
SDP,SPD Nord,1,2
SDP,SPD Ortsverein Ebstorf,1,2
SDP,Spd Ortsverein Kibew√º,1,2
SDP,SPD-Stadtverband Alfeld (Leine),1,2
SDP,SPD Stadtverband Kronach,1,2
SDP,SPD-Unterbezirk Northeim-Einbeck Bundes- und Kommunalwahlen 2021 Northeim,1,2
SDP,SPD-Unterbezirk Northeim-Einbeck Northeim,1,2
SDP,Volker Breustedt SPD H√ºttenberg,1,2
SDP,"Alexander Wagner, SPD",1,1
SDP,"Astrid Hennies, SPD B√ºrgerschaftsabgeordnete f√ºr Rahlstedt Haus der Wilden Weiden",1,1
SDP,"Astrid Hennies, SPD B√ºrgerschaftsabgeordnete f√ºr Rahlstedt Kinderkrankenhaus Wilhelmstift",1,1
SDP,"Astrid Hennies, SPD B√ºrgerschaftsabgeordnete f√ºr Rahlstedt Meiendorf, Hamburg, Germany",1,1
SDP,"Astrid Hennies, SPD B√ºrgerschaftsabgeordnete f√ºr Rahlstedt Rahlstedt, Hamburg, Germany",1,1
SDP,"Astrid Hennies, SPD B√ºrgerschaftsabgeordnete f√ºr Rahlstedt Rathaus Hamburg",1,1
SDP,Bernd Westphal SPD Bremen-Stadt SPD-Unterbezirk Northeim-Einbeck,1,1
SDP,Claudia Sch√º√üler - SPD Lange-Feld-Stra√üe Letter,1,1
SDP,Claudia Sch√º√üler - SPD Nieders√§chsischer Landtag,1,1
SDP,Deniz Kurku - SPD Andrea Lotsios Inkoop Verbraucherm√§rkte GmbH,1,1
SDP,Deniz Kurku - SPD Markthalle Delmenhorst,1,1
SDP,Du bist in der SPD... wenn,1,1
SDP,forum UNSERE SPD,1,1
SDP,Israel-Freunde in der SPD,1,1
SDP,Juri Heinrich SPD-Minigolfturnier Bulmker Park Gelsenkirchen 21.08.2021 Christin Siebel Anna-Lena Karl Minigolf Bulmker Park,1,1
SDP,Karl Lauterbach Unsere Neue SPD - Deine Community.,1,1
SDP,Sercan Karaagac K√∂lnSPD,1,1
SDP,S√∂nke Rix SPD Rendsburg-Eckernf√∂rde Gettorf,1,1
SDP,Sozialdemokratische Basis (SPD),1,1
SDP,SPD Aachen,1,1
SDP,Spd Altenwald - Schnappach,1,1
SDP,SPD Bad Camberg,1,1
SDP,SPD Baden-W√ºrttemberg,1,1
SDP,Spd Barmen,1,1
SDP,SPD Borgholzhausen,1,1
SDP,SPD Braunschweig Christos Pantazis,1,1
SDP,SPD B√ºckeburg,1,1
SDP,SPD Cuxland,1,1
SDP,SPD Cuxland Feuerwehrtechnische Zentrale Schiffdorf,1,1
SDP,SPD Dortmund Ardey Naturb√ºhne Hohensyburg,1,1
SDP,SPD Dreieich,1,1
SDP,SPD D√ºsseldorf,1,1
SDP,SPDerneuern,1,1
SDP,SPD Essen Margarethenh√∂he Margarethe Krupp-Stiftung f√ºr Wohnungsf√ºrsorge,1,1
SDP,SPD FB FORUM,1,1
SDP,SPD-Fraktion Brandenburg,1,1
SDP,SPD-Fraktion Reinickendorf,1,1
SDP,SPD G√∂ttingen,1,1
SDP,SPD Hamburg-Nord,1,1
SDP,SPD Hameln-Pyrmont,1,1
SDP,SPD Hannover Nordstadt Alptekin Kƒ±rcƒ±,1,1
SDP,SPD Hannover Nordstadt Franziska Wende,1,1
SDP,SPD Hansestadt Stade,1,1
SDP,SPD Harsewinkel,1,1
SDP,SPD Harsewinkel Vielfalt Harsewinkel,1,1
SDP,SPD Hildesheim St. Jakobi (Hildesheim),1,1
SDP,SPD Jena Jena,1,1
SDP,SPD Krefeld Mitte,1,1
SDP,SPD-Kreistagsfraktion Osnabr√ºck,1,1
SDP,SPD Kreisverband Osnabr√ºck-Land,1,1
SDP,SPD Kreisverband Schleswig-Flensburg,1,1
SDP,SPD Kreisverband Segeberg Ufuk D√ºg√ºn Salonu,1,1
SDP,SPD Kreisverband Wilhelmshaven,1,1
SDP,SPD Lahn-Dill,1,1
SDP,SPD Landkreis L√ºneburg,1,1
SDP,SPD Lichtenberg,1,1
SDP,SPD Linden-Limmer,1,1
SDP,Spd Lisdorf,1,1
SDP,SPD Ludwigshafen,1,1
SDP,SPD Mannheim,1,1
SDP,SPD M√ºnchen,1,1
SDP,SPD Niederbayern,1,1
SDP,SPD Nordstadt-Schunteraue,1,1
SDP,SPD-Ortsverein Anklam,1,1
SDP,"SPD Ortsverein B√∂hlen/Zwenkau/R√∂tha M√∂lbis, Sachsen, Germany",1,1
SDP,SPD Ortsverein Buchholz in der Nordheide,1,1
SDP,SPD Ortsverein Konradsiedlung-Wutzlhofen ruthe.de,1,1
SDP,SPD Ortsverein Leer/Ostfriesland Leer (Ostfriesland),1,1
SDP,SPD Ortsverein Uelzen Birgit Gercken,1,1
SDP,SPD Ortsverein Uelzen Friederike Knust,1,1
SDP,SPD Ortsverein Uelzen Im Stadtgarten,1,1
SDP,SPD Ortsverein Uelzen Klaus Knust,1,1
SDP,SPD Ortsverein Uelzen Oldenstaedter See,1,1
SDP,SPD Osdorf,1,1
SDP,SPD Osnabr√ºck,1,1
SDP,SPD Ratsfraktion Hannover,1,1
SDP,SPD Ratsfraktion Hannover Rathaus,1,1
SDP,SPD Regensburg Evelyn Kolbe-Stockert,1,1
SDP,SPD Regensburg Gewerkschaftshaus Regensburg - Paradiesgarten,1,1
SDP,SPD Rheinbach,1,1
SDP,SPD Rheinland-Pfalz,1,1
SDP,SPD Rinteln,1,1
SDP,SPD Sachsen,1,1
SDP,SPD Salach,1,1
SDP,SPD Samtgemeinde Schwarmstedt,1,1
SDP,SPD Sankt Augustin,1,1
SDP,SPD Schleswig-Holstein,1,1
SDP,SPD Schwaigern,1,1
SDP,SPD Schwerin Schwerin,1,1
SDP,SPD Stadtratsfraktion Regensburg,1,1
SDP,SPD Stadtratsfraktion Regensburg Klaus Rappert Stadtpark Regensburg,1,1
SDP,"SPD-Stadtverband Alfeld (Leine) Alfeld, Niedersachsen, Germany",1,1
SDP,SPD-Stadtverband Alfeld (Leine) Landkreis Hildesheim,1,1
SDP,SPD-Stadtverband Elze,1,1
SDP,SPD Titisee-Neustadt Tanja K√ºhnel,1,1
SDP,SPD-Treff Dortmund-Wickede,1,1
SDP,SPD Uelzen/L√ºchow-Dannenberg Hitzacker,1,1
SDP,SPD-Unterbezirk Nienburg Nienburg/Weser,1,1
SDP,SPD-Unterbezirk Regensburg Klaus Rappert,1,1
SDP,SPD Vahrenwald-List,1,1
SDP,SPD Varel BewerberInnen der SPD Varel,1,1
SDP,SPD Vechelde,1,1
SDP,SPD Verden,1,1
SDP,SPD von unten,1,1
SDP,SPD Wandsbek,1,1